market_cap_rank,corp_name,market_cap
1,알테오젠,162099.0
2,에코프로,108485.0
3,에코프로비엠,107809.0
4,레인보우로보틱스,82643.0
5,주성엔지니어링,68002.0
6,리노공업,53120.0
7,원익IPS,50360.0
8,피에스케이,42031.0
9,HLB,41425.0
10,에이비엘바이오,40927.0
11,파마리서치,37351.0
12,이오테크닉스,37020.0
13,삼천당제약,35726.0
14,리가켐바이오,35539.0
15,심텍,33643.0
16,파두,32816.0
17,케어젠,30349.0
18,HPSP,29710.0
19,클래시스,29372.0
20,휴젤,29038.0
21,ISC,28807.0
22,로보티즈,28428.0
23,디앤디파마텍,27869.0
24,테스,26639.0
25,유진테크,25391.0
26,서진시스템,25174.0
27,제주반도체,24730.0
28,펩트론,24670.0
29,에스티팜,24447.0
30,보로노이,23671.0
31,실리콘투,23509.0
32,올릭스,23253.0
33,피에스케이홀딩스,23029.0
34,티에스이,22455.0
35,하나마이크론,22308.0
36,현대무벡스,21752.0
37,솔브레인,21235.0
38,동진쎄미켐,21178.0
39,펄어비스,20833.0
40,티씨케이,20771.0
41,브이엠,19534.0
42,셀트리온제약,18050.0
43,고영,17904.0
44,파크시스템스,17541.0
45,우리기술,17366.0
46,테크윙,17211.0
47,메지온,16588.0
48,에스엠,16141.0
49,LS마린솔루션,16116.0
50,JYP Ent.,16114.0
51,에스피지,16101.0
52,대한광통신,15580.0
53,네이처셀,15497.0
54,엘앤씨바이오,15373.0
55,두산테스나,14863.0
56,씨젠,14440.0
57,비츠로셀,14237.0
58,기가비스,14222.0
59,비에이치아이,14002.0
60,에임드바이오,13743.0
61,원익홀딩스,12860.0
62,코미코,12697.0
63,성호전자,12623.0
64,코오롱티슈진,12533.0
65,RFHIC,12215.0
66,오스코텍,12013.0
67,대주전자재료,11935.0
68,제이에스링크,11416.0
69,하림지주,11111.0
70,하나머티리얼즈,11095.0
71,HK이노엔,11077.0
72,씨어스,10543.0
73,삼현,10432.0
74,에스에이엠티,10189.0
75,오름테라퓨틱,10013.0
76,태성,9894.0
77,리브스메드,9464.0
78,스피어,8893.0
79,쎄트렉아이,8750.0
80,코스메카코리아,8736.0
81,SFA반도체,8535.0
82,차바이오텍,8321.0
83,에스앤에스텍,8310.0
84,동국제약,8309.0
85,카카오게임즈,8279.0
86,샘씨엔에스,8117.0
87,LS머트리얼즈,8105.0
88,제이앤티씨,8064.0
89,삼표시멘트,8061.0
90,휴림로봇,7915.0
91,씨엠티엑스,7888.0
92,레이크머티리얼즈,7782.0
93,신성델타테크,7627.0
94,지엔씨에너지,7608.0
95,성광벤드,7582.0
96,와이씨,7556.0
97,알지노믹스,7547.0
98,GST,7519.0
99,와이지엔터테인먼트,7420.0
100,덕산네오룩스,7387.0
101,SFA,7289.0
102,제룡전기,7260.0
103,로킷헬스케어,7215.0
104,미래에셋벤처투자,7150.0
105,다우데이타,7141.0
106,유일로보틱스,7081.0
107,케이아이엔엑스,7047.0
108,피엔티,6989.0
109,루닛,6984.0
110,와이지-원,6940.0
111,원익QnC,6848.0
112,큐리옥스바이오시스템즈,6752.0
113,CJ ENM,6721.0
114,인텔리안테크,6668.0
115,큐리언트,6640.0
116,서부T&D,6537.0
117,케이엠더블유,6489.0
118,인바디,6430.0
119,솔브레인홀딩스,6397.0
120,가비아,6388.0
121,태광,6273.0
122,스튜디오드래곤,6237.0
123,이엔에프테크놀로지,6222.0
124,동운아나텍,6168.0
125,필옵틱스,6154.0
126,클로봇,6097.0
127,현대바이오,6080.0
128,안랩,6019.0
129,로보스타,5996.0
130,에이프릴바이오,5889.0
131,코나아이,5840.0
132,프로텍,5778.0
133,넥슨게임즈,5776.0
134,선익시스템,5738.0
135,세미파이브,5733.0
136,삼지전자,5646.0
137,현대힘스,5593.0
138,쏠리드,5577.0
139,펌텍코리아,5549.0
140,태웅,5512.0
141,SFA넥셀,5472.0
142,SOOP,5449.0
143,위메이드,5398.0
144,에코프로에이치엔,5370.0
145,한양이엔지,5355.0
146,지투지바이오,5230.0
147,메디톡스,5218.0
148,코미팜,5209.0
149,동성화인텍,5167.0
150,서울반도체,5137.0
151,나노신소재,5138.0
152,NHN KCP,5080.0
153,에스티큐브,5038.0
154,온코닉테라퓨틱스,5031.0
155,아이티센글로벌,4977.0
156,미코,4942.0
157,지아이이노베이션,4903.0
158,하이젠알앤엠,4868.0
159,월덱스,4829.0
160,디어유,4819.0
161,가온칩스,4803.0
162,인카금융서비스,4779.0
163,에이치브이엠,4764.0
164,코스모로보틱스,4715.0
165,예스티,4709.0
166,피노,4691.0
167,토모큐브,4684.0
168,티앤엘,4625.0
169,서희건설,4608.0
170,국일제지,4594.0
171,한국기업평가,4590.0
172,아이쓰리시스템,4582.0
173,성우하이텍,4576.0
174,비나텍,4545.0
175,아이센스,4544.0
176,젬백스,4538.0
177,유진로봇,4512.0
178,원텍,4473.0
179,포스코엠텍,4410.0
180,타이거일렉,4388.0
181,마키나락스,4368.0
182,뉴파워프라즈마,4356.0
183,디케이티,4310.0
184,에프에스티,4278.0
185,엘티씨,4231.0
186,노타,4229.0
187,코세스,4196.0
188,티에프이,4167.0
189,메가스터디교육,4151.0
190,파이버프로,4149.0
191,원익머트리얼즈,4110.0
192,브이티,4109.0
193,천보,4093.0
194,엔켐,4073.0
195,이녹스첨단소재,4057.0
196,네패스,4052.0
197,카페24,4040.0
198,네오셈,4023.0
199,인텍플러스,4011.0
200,앱클론,3990.0
201,한컴,3985.0
202,덕산하이메탈,3944.0
203,아주IB투자,3907.0
204,인벤티지랩,3906.0
205,성일하이텍,3876.0
206,네오위즈,3856.0
207,하이록코리아,3848.0
208,감성코퍼레이션,3828.0
209,우리기술투자,3776.0
210,툴젠,3743.0
211,싸이맥스,3671.0
212,웹젠,3666.0
213,큐로셀,3631.0
214,에이스침대,3604.0
215,아난티,3590.0
216,엠케이전자,3586.0
217,LS증권,3567.0
218,에이디테크놀로지,3547.0
219,넥스틴,3541.0
220,켐트로닉스,3505.0
221,네패스아크,3454.0
222,뉴로메카,3375.0
223,에스티아이,3373.0
224,큐렉소,3371.0
225,PS일렉트로닉스,3359.0
226,인화정공,3354.0
227,메카로,3333.0
228,다날,3313.0
229,시노펙스,3313.0
230,SAMG엔터,3297.0
231,슈프리마,3295.0
232,보성파워텍,3262.0
233,휴온스글로벌,3209.0
234,메디포스트,3195.0
235,컴투스,3168.0
236,글로벌텍스프리,3142.0
237,인탑스,3132.0
238,디아이티,3130.0
239,위메이드맥스,3101.0
240,한양디지텍,3087.0
241,네오팜,3016.0
242,동화기업,3013.0
243,휴온스,3013.0
244,진성티이씨,3012.0
245,지노믹트리,2971.0
246,인투셀,2968.0
247,엑스게이트,2966.0
248,한텍,2964.0
249,HLB제약,2962.0
250,한국정보통신,2951.0
251,펨트론,2927.0
252,파인엠텍,2918.0
253,대명에너지,2911.0
254,파트론,2910.0
255,한라IMS,2898.0
256,넥스트바이오메디컬,2893.0
257,한국피아이엠,2891.0
258,케이프,2889.0
259,티엘비,2886.0
260,유바이오로직스,2881.0
261,HEM파마,2858.0
262,골프존홀딩스,2857.0
263,신라젠,2854.0
264,하림,2846.0
265,한스바이오메드,2844.0
266,이지홀딩스,2842.0
267,한국알콜,2828.0
268,AP시스템,2821.0
269,한솔아이원스,2820.0
270,한중엔시에스,2787.0
271,휴메딕스,2785.0
272,제우스,2754.0
273,HLB이노베이션,2747.0
274,한라캐스트,2745.0
275,티로보틱스,2720.0
276,CJ프레시웨이,2713.0
277,나이스정보통신,2698.0
278,제이브이엠,2690.0
279,아이티켐,2684.0
280,삼양컴텍,2658.0
281,이뮨온시아,2656.0
282,엔케이젠바이오텍코리아,2655.0
283,삼양엔씨켐,2640.0
284,JTC,2629.0
285,KG에코솔루션,2628.0
286,KG이니시스,2607.0
287,HLB생명과학,2603.0
288,매일유업,2602.0
289,오픈엣지테크놀로지,2598.0
290,바텍,2565.0
291,엔젤로보틱스,2564.0
292,비덴트,2563.0
293,아이엠바이오로직스,2562.0
294,더블유씨피,2559.0
295,페니트리움바이오,2554.0
296,유진기업,2551.0
297,큐에이드,2532.0
298,LB세미콘,2530.0
299,마녀공장,2523.0
300,오킨스전자,2495.0
301,골프존,2491.0
302,씨앤씨인터내셔널,2489.0
303,에이유브랜즈,2486.0
304,바이오다인,2485.0
305,콜마비앤에이치,2453.0
306,빛과전자,2440.0
307,서울바이오시스,2422.0
308,토비스,2400.0
309,스맥,2399.0
310,바디텍메드,2366.0
311,우주일렉트로,2352.0
312,헥토파이낸셜,2346.0
313,KH바텍,2339.0
314,노바렉스,2338.0
315,채비,2329.0
316,프로티나,2328.0
317,저스템,2328.0
318,비츠로넥스텍,2312.0
319,세나테크놀로지,2310.0
320,유니셈,2291.0
321,오이솔루션,2290.0
322,매커스,2288.0
323,코오롱생명과학,2256.0
324,한국캐피탈,2247.0
325,피에이치에이,2243.0
326,폰드그룹,2240.0
327,바이오플러스,2225.0
328,소룩스,2214.0
329,세보엠이씨,2214.0
330,아스테라시스,2205.0
331,상아프론테크,2205.0
332,DXVX,2200.0
333,서호전기,2194.0
334,LIG아큐버,2194.0
335,바이넥스,2190.0
336,에치에프알,2189.0
337,필에너지,2186.0
338,아모텍,2185.0
339,유니슨,2182.0
340,아이스크림미디어,2181.0
341,케이티알파,2179.0
342,에프앤가이드,2176.0
343,GRT,2168.0
344,오리엔탈정공,2167.0
345,대원산업,2166.0
346,케이엔제이,2151.0
347,칩스앤미디어,2148.0
348,에스엔시스,2147.0
349,미래나노텍,2146.0
350,강원에너지,2142.0
351,코텍,2142.0
352,삼목에스폼,2142.0
353,한선엔지니어링,2136.0
354,사피엔반도체,2122.0
355,흥구석유,2120.0
356,지씨셀,2116.0
357,미래반도체,2102.0
358,비츠로테크,2101.0
359,에스바이오메딕스,2101.0
360,데브시스터즈,2097.0
361,네오티스,2097.0
362,에스비비테크,2089.0
363,에코아이,2086.0
364,듀켐바이오,2083.0
365,덕양에너젠,2071.0
366,옵티코어,2067.0
367,RF머트리얼즈,2064.0
368,이지바이오,2064.0
369,오로라,2063.0
370,디지털대성,2062.0
371,아스트,2059.0
372,리파인,2057.0
373,이노스페이스,2049.0
374,아이씨티케이,2046.0
375,에이직랜드,2045.0
376,뷰웍스,2037.0
377,강스템바이오텍,2032.0
378,DSC인베스트먼트,2027.0
379,인피니트헬스케어,2025.0
380,KBI메탈,2016.0
381,슈어소프트테크,2013.0
382,덕산테코피아,2009.0
383,큐라클,1985.0
384,베뉴지,1983.0
385,상신이디피,1981.0
386,제닉,1968.0
387,해성산업,1967.0
388,동원개발,1966.0
389,갤럭시아머니트리,1961.0
390,석경에이티,1953.0
391,금화피에스시,1950.0
392,그래피,1926.0
393,에이팩트,1915.0
394,티이엠씨,1903.0
395,KZ정밀,1898.0
396,나무가,1883.0
397,네오위즈홀딩스,1881.0
398,현대사료,1873.0
399,드림시큐리티,1872.0
400,티씨머티리얼즈,1871.0
401,엑시콘,1871.0
402,셀바스AI,1868.0
403,씨메스로보틱스,1864.0
404,마이크로컨텍솔,1858.0
405,아스플로,1858.0
406,슈피겐코리아,1856.0
407,유니테스트,1851.0
408,우리로,1847.0
409,메가터치,1844.0
410,클리오,1823.0
411,와이씨켐,1822.0
412,쿠콘,1821.0
413,DMS,1817.0
414,티엑스알로보틱스,1814.0
415,BGF에코머티리얼즈,1808.0
416,쓰리빌리언,1808.0
417,아이티엠반도체,1792.0
418,헥토이노베이션,1784.0
419,그린광학,1782.0
420,도우인시스,1778.0
421,이랜텍,1773.0
422,사람인,1770.0
423,대아티아이,1765.0
424,앤로보틱스,1755.0
425,퓨쳐켐,1754.0
426,국보디자인,1748.0
427,엠로,1744.0
428,심텍홀딩스,1735.0
429,한국정보인증,1735.0
430,코메론,1719.0
431,HB테크놀러지,1718.0
432,메디아나,1715.0
433,이크레더블,1713.0
434,지놈앤컴퍼니,1708.0
435,아이엘,1707.0
436,아이디스,1707.0
437,스트라드비젼,1704.0
438,일진파워,1699.0
439,대양전기공업,1694.0
440,나우로보틱스,1685.0
441,대화제약,1675.0
442,디오,1673.0
443,바이오니아,1672.0
444,EDGC,1671.0
445,모베이스전자,1659.0
446,카나프테라퓨틱스,1653.0
447,레드캡투어,1650.0
448,나이벡,1649.0
449,신흥에스이씨,1648.0
450,한국비엔씨,1648.0
451,신성에스티,1637.0
452,바이오솔루션,1631.0
453,빅솔론,1628.0
454,모두투어,1625.0
455,인터로조,1622.0
456,안트로젠,1621.0
457,셀비온,1621.0
458,잉글우드랩,1619.0
459,와이솔,1617.0
460,에이치엠넥스,1605.0
461,유성티엔에스,1601.0
462,티쓰리,1599.0
463,버킷스튜디오,1596.0
464,알멕,1595.0
465,코다코,1592.0
466,제테마,1588.0
467,코스맥스엔비티,1580.0
468,엠아이텍,1576.0
469,동양이엔피,1576.0
470,디바이스,1574.0
471,대한약품,1563.0
472,오르비텍,1557.0
473,HLB테라퓨틱스,1555.0
474,인터플렉스,1549.0
475,제일일렉트릭,1547.0
476,에브리봇,1542.0
477,메가스터디,1541.0
478,더핑크퐁컴퍼니,1538.0
479,와이엠티,1538.0
480,헬릭스미스,1530.0
481,경동제약,1529.0
482,아이디스홀딩스,1527.0
483,SM C&C,1526.0
484,아바코,1521.0
485,GC메디아이,1508.0
486,비엠티,1508.0
487,크레오에스지,1505.0
488,안국약품,1504.0
489,푸른저축은행,1499.0
490,KG파이낸셜,1488.0
491,이수앱지스,1486.0
492,코리아에프티,1478.0
493,파세코,1478.0
494,오로스테크놀로지,1477.0
495,삼미금속,1461.0
496,멀티캠퍼스,1461.0
497,아나패스,1461.0
498,네오오토,1458.0
499,나노엔텍,1451.0
500,녹십자웰빙,1448.0
501,우양에이치씨,1442.0
502,매일홀딩스,1442.0
503,와이바이오로직스,1435.0
504,쎌바이오텍,1433.0
505,비보존 제약,1427.0
506,디엔에프,1427.0
507,에스앤디,1426.0
508,유비쿼스홀딩스,1426.0
509,폴라리스오피스,1426.0
510,범한퓨얼셀,1425.0
511,재영솔루텍,1421.0
512,에스오에스랩,1421.0
513,엘오티베큠,1418.0
514,티케이케미칼,1411.0
515,인선이엔티,1410.0
516,애니플러스,1409.0
517,하이비젼시스템,1409.0
518,신화프리텍,1406.0
519,피델릭스,1397.0
520,이랜시스,1395.0
521,솔트룩스,1394.0
522,고려신용정보,1391.0
523,텔레칩스,1390.0
524,아이패밀리에스씨,1390.0
525,유비쿼스,1387.0
526,우진엔텍,1384.0
527,현대이지웰,1382.0
528,삼보판지,1374.0
529,더즌,1371.0
530,에스텍,1370.0
531,프레스티지바이오로직스,1365.0
532,코난테크놀로지,1364.0
533,화신정공,1353.0
534,선광,1353.0
535,시너지이노베이션,1348.0
536,자람테크놀로지,1344.0
537,바이오비쥬,1343.0
538,제이엘케이,1338.0
539,아가방컴퍼니,1337.0
540,에이스테크,1334.0
541,압타바이오,1322.0
542,시스웍,1321.0
543,아이텍,1319.0
544,SG,1317.0
545,지앤비에스 에코,1315.0
546,코스텍시스,1312.0
547,지투파워,1312.0
548,동국산업,1307.0
549,아이비김영,1306.0
550,넥써쓰,1303.0
551,고스트스튜디오,1302.0
552,솔본,1298.0
553,제이오,1292.0
554,나무기술,1291.0
555,켄코아에어로스페이스,1288.0
556,플리토,1287.0
557,윈스테크넷,1275.0
558,메쎄이상,1273.0
559,큐알티,1272.0
560,제룡산업,1270.0
561,메쥬,1269.0
562,노머스,1268.0
563,일승,1263.0
564,슈프리마에이치큐,1262.0
565,모트렉스,1261.0
566,디에스케이,1260.0
567,코맥스,1257.0
568,퓨릿,1248.0
569,제노코,1240.0
570,나우IB,1238.0
571,어보브반도체,1236.0
572,비씨엔씨,1232.0
573,리센스메디컬,1232.0
574,쇼박스,1232.0
575,마크로젠,1230.0
576,성우,1228.0
577,팜스토리,1227.0
578,케이엔알시스템,1225.0
579,엘케이켐,1221.0
580,티움바이오,1217.0
581,아바텍,1210.0
582,HB솔루션,1207.0
583,컨텍,1203.0
584,윤성에프앤씨,1200.0
585,CMG제약,1200.0
586,풍원정밀,1199.0
587,나라스페이스테크놀로지,1198.0
588,성도이엔지,1197.0
589,그리드위즈,1196.0
590,지씨지놈,1194.0
591,링크솔루션,1191.0
592,씨앤지하이테크,1188.0
593,아크릴,1187.0
594,KT나스미디어,1186.0
595,엠디바이스,1184.0
596,에코앤드림,1179.0
597,KCC건설,1173.0
598,킵스파마,1171.0
599,SKAI,1170.0
600,에이치엘지노믹스,1164.0
601,씨피시스템,1162.0
602,플래스크,1161.0
603,도이치모터스,1158.0
604,노바텍,1155.0
605,지어소프트,1154.0
606,푸드나무,1151.0
607,KX,1147.0
608,유아이엘,1147.0
609,그린리소스,1147.0
610,하이텍팜,1143.0
611,라이콤,1142.0
612,JW신약,1132.0
613,알에스오토메이션,1131.0
614,지니언스,1129.0
615,국전,1123.0
616,이노테크,1122.0
617,AP위성,1121.0
618,유니트론텍,1121.0
619,케이에스피,1119.0
620,코칩,1119.0
621,엠플러스,1116.0
622,제넥신,1116.0
623,동구바이오제약,1106.0
624,티앤알바이오팹,1106.0
625,NH농우바이오,1104.0
626,현대에버다임,1101.0
627,나인테크,1099.0
628,넵튠,1096.0
629,모다이노칩,1089.0
630,동방메디컬,1089.0
631,퀄리타스반도체,1088.0
632,진로발효,1086.0
633,코윈테크,1084.0
634,와이엔텍,1083.0
635,SV인베스트먼트,1082.0
636,바이젠셀,1080.0
637,라온로보틱스,1079.0
638,상상인,1079.0
639,이엘씨,1077.0
640,세경하이테크,1077.0
641,피아이이,1074.0
642,새로닉스,1073.0
643,파워로직스,1073.0
644,중앙첨단소재,1071.0
645,엠에스씨,1070.0
646,톱텍,1068.0
647,뷰노,1068.0
648,대정화금,1066.0
649,케이엔솔,1059.0
650,셀레믹스,1058.0
651,씨에스베어링,1058.0
652,한일사료,1054.0
653,그래디언트,1054.0
654,삼보모터스,1054.0
655,루미르,1049.0
656,케이알엠,1049.0
657,우리손에프앤지,1048.0
658,에프엔에스테크,1042.0
659,인포바인,1040.0
660,한국경제TV,1040.0
661,메타바이오메드,1039.0
662,엑셈,1039.0
663,NICE인프라,1036.0
664,한울소재과학,1033.0
665,켐트로스,1033.0
666,라온텍,1023.0
667,오늘이엔엠,1023.0
668,아진엑스텍,1022.0
669,에이티넘인베스트,1020.0
670,다산네트웍스,1016.0
671,세운메디칼,1014.0
672,세명전기,1014.0
673,제이아이테크,1011.0
674,시지메드텍,1011.0
675,현대바이오랜드,1010.0
676,에스투더블유,1004.0
677,청담글로벌,1003.0
678,로체시스템즈,999.0
679,아스타,994.0
680,스모트로닉,994.0
681,아진산업,993.0
682,레이언스,992.0
683,나인앤컴퍼니,988.0
684,뉴로핏,986.0
685,원익,981.0
686,엠에스오토텍,980.0
687,코데즈컴바인,978.0
688,탑런토탈솔루션,977.0
689,씨씨에스,973.0
690,삼영엠텍,972.0
691,케이엔더블유,972.0
692,우림피티에스,971.0
693,YTN,970.0
694,핑거,967.0
695,다원시스,966.0
696,비아트론,964.0
697,나노,962.0
698,하나기술,961.0
699,코아스템켐온,956.0
700,옵투스제약,953.0
701,오스테오닉,957.0
702,엔에프씨,954.0
703,파워넷,953.0
704,에이럭스,951.0
705,아톤,950.0
706,LB인베스트먼트,950.0
707,스톰테크,949.0
708,매드업,948.0
709,케이씨에스,946.0
710,웨이비스,944.0
711,위드텍,943.0
712,메드팩토,937.0
713,야스,936.0
714,박셀바이오,935.0
715,아모그린텍,932.0
716,더네이쳐홀딩스,923.0
717,링네트,922.0
718,아미노로직스,921.0
719,중앙에너비스,920.0
720,빅텍,919.0
721,컴퍼니케이,915.0
722,엘앤케이바이오,912.0
723,풍국주정,911.0
724,이스트소프트,910.0
725,RF시스템즈,910.0
726,정상제이엘에스,908.0
727,디와이피엔에프,908.0
728,에스와이,905.0
729,데이타솔루션,904.0
730,금양그린파워,903.0
731,지오엘리먼트,902.0
732,피에스텍,901.0
733,동국S&C,900.0
734,서원인텍,898.0
735,세아메카닉스,898.0
736,씨이랩,898.0
737,로젠,895.0
738,젝시믹스,893.0
739,세미티에스,892.0
740,선진뷰티사이언스,891.0
741,동신건설,888.0
742,이지케어텍,886.0
743,한컴위드,885.0
744,오성첨단소재,883.0
745,폴레드,880.0
746,크레버스,879.0
747,위닉스,877.0
748,금강철강,876.0
749,한울반도체,875.0
750,나노팀,873.0
751,오상헬스케어,873.0
752,에이치피오,871.0
753,KT밀리의서재,869.0
754,미래컴퍼니,869.0
755,동아엘텍,864.0
756,와이제이링크,860.0
757,원익피앤이,860.0
758,창해에탄올,860.0
759,대봉엘에스,859.0
760,서울옥션,858.0
761,큐브엔터,858.0
762,일지테크,858.0
763,중앙백신,853.0
764,디앤씨미디어,853.0
765,워트,850.0
766,리메드,848.0
767,위더스제약,843.0
768,이니텍,842.0
769,에코플라스틱,842.0
770,나이스디앤비,841.0
771,웹케시,841.0
772,액스비스,840.0
773,셀루메드,840.0
774,라온시큐어,838.0
775,엔지켐생명과학,838.0
776,LS티라유텍,837.0
777,모비스,836.0
778,지니너스,823.0
779,광무,823.0
780,에이치엔에스하이텍,821.0
781,져스텍,821.0
782,한국파마,819.0
783,테라뷰,819.0
784,SBI인베스트먼트,818.0
785,엔알비,816.0
786,대동기어,815.0
787,아이큐어,815.0
788,KX하이텍,815.0
789,스톤브릿지벤처스,814.0
790,KT지니뮤직,814.0
791,아미코젠,813.0
792,아이에스티이,812.0
793,제일엠앤에스,811.0
794,오파스넷,810.0
795,지아이에스,810.0
796,한빛레이저,810.0
797,조이시티,809.0
798,초록뱀미디어,809.0
799,리드코프,807.0
800,한국컴퓨터,805.0
801,엠게임,805.0
802,예스24,802.0
803,쎄니트,802.0
804,대림제지,800.0
805,엑스페릭스,797.0
806,삼아제약,797.0
807,엑세스바이오,795.0
808,대한뉴팜,792.0
809,서한,788.0
810,에스트래픽,788.0
811,MDS테크,787.0
812,라파스,787.0
813,HRS,787.0
814,큐리오시스,786.0
815,블루콤,782.0
816,서산,782.0
817,키스트론,777.0
818,로보로보,775.0
819,모베이스,774.0
820,아이로보틱스,773.0
821,한국가구,771.0
822,디알텍,770.0
823,알서포트,770.0
824,피스피스스튜디오,768.0
825,APS,766.0
826,한성크린텍,765.0
827,동국생명과학,764.0
828,포커스에이아이,764.0
829,아비코전자,763.0
830,레메디,763.0
831,케이피에프,762.0
832,인트론바이오,761.0
833,테라사이언스,761.0
834,선바이오,761.0
835,화일약품,758.0
836,제닉스로보틱스,757.0
837,와이즈넛,756.0
838,디에스엠,756.0
839,에이엘티,755.0
840,컴투스홀딩스,754.0
841,지에프아이,751.0
842,테라젠이텍스,750.0
843,영화테크,750.0
844,이상네트웍스,748.0
845,뉴프렉스,746.0
846,지구홀딩스,744.0
847,양지사,743.0
848,옵트론텍,741.0
849,비엘팜텍,738.0
850,싸이닉솔루션,733.0
851,휴비츠,740.0
852,엠엑스온,739.0
853,로스웰,737.0
854,케이옥션,735.0
855,아이앤씨,735.0
856,아이씨디,735.0
857,삼현철강,734.0
858,삐아,732.0
859,우리넷,732.0
860,엔브이에이치코리아,731.0
861,한일단조,730.0
862,하이로닉,730.0
863,삼기에너지솔루션즈,729.0
864,액트로,728.0
865,에스와이스틸텍,726.0
866,레이,726.0
867,싸이토젠,726.0
868,디지틀조선,726.0
869,라이온켐텍,725.0
870,현대공업,723.0
871,정다운,722.0
872,세원물산,722.0
873,서남,722.0
874,TJ미디어,722.0
875,삼륭물산,722.0
876,엠오티,721.0
877,유니크,721.0
878,KNN,720.0
879,자이글,718.0
880,제이씨케미칼,715.0
881,드림씨아이에스,715.0
882,시공테크,714.0
883,새빗켐,714.0
884,태웅로직스,713.0
885,에스넷,711.0
886,디케이락,711.0
887,폴라리스AI파마,709.0
888,바이오스마트,705.0
889,씨티씨바이오,705.0
890,이엔셀,705.0
891,팅크웨어,702.0
892,에스피소프트,696.0
893,대성하이텍,696.0
894,피제이전자,696.0
895,아이디피,696.0
896,해성옵틱스,695.0
897,가온그룹,692.0
898,디에이테크놀로지,691.0
899,세종텔레콤,689.0
900,크리스에프앤씨,689.0
901,피엠티,690.0
902,강동씨앤엘,689.0
903,모델솔루션,687.0
904,케이엔에스,686.0
905,네오리진,685.0
906,HC보광산업,685.0
907,지아이텍,683.0
908,미투온,682.0
909,에이비온,682.0
910,탑머티리얼,682.0
911,다이나믹솔루션,682.0
912,동일금속,681.0
913,SY동아,680.0
914,레몬헬스케어,680.0
915,바이오에프디엔씨,677.0
916,기가레인,676.0
917,수젠텍,675.0
918,아이엠티,674.0
919,쿼드메디슨,674.0
920,예림당,674.0
921,페스카로,672.0
922,옵티팜,671.0
923,넥스트칩,671.0
924,원준,669.0
925,에이텍,668.0
926,피제이메탈,667.0
927,신신제약,667.0
928,포바이포,666.0
929,한국첨단소재,663.0
930,제이스로보틱스,663.0
931,제너셈,663.0
932,이엠텍,660.0
933,앤디포스,660.0
934,코아시아,659.0
935,이녹스,659.0
936,비트컴퓨터,656.0
937,대창솔루션,655.0
938,아이진,653.0
939,파로스아이바이오,651.0
940,흥국,650.0
941,엑스큐어,649.0
942,폴라리스AI,649.0
943,팬젠,647.0
944,티플랙스,647.0
945,센코,646.0
946,유라테크,643.0
947,아모센스,643.0
948,특수건설,642.0
949,프로티아,642.0
950,센서뷰,642.0
951,아로마티카,640.0
952,삼기,640.0
953,셀바스헬스케어,640.0
954,국순당,638.0
955,레뷰코퍼레이션,638.0
956,녹십자엠에스,637.0
957,FSN,637.0
958,드림어스컴퍼니,637.0
959,아리바이오랩,636.0
960,블랙야크아이앤씨,635.0
961,대륙제관,635.0
962,제이엔케이글로벌,633.0
963,신스틸,633.0
964,한국전자인증,633.0
965,유비벨록스,633.0
966,큐에스아이,631.0
967,지엘팜텍,631.0
968,잉크테크,629.0
969,푸드웰,628.0
970,위메이드플레이,628.0
971,다원넥스뷰,627.0
972,이화공영,626.0
973,고바이오랩,624.0
974,이오플로우,623.0
975,남화산업,623.0
976,신일제약,622.0
977,마음AI,621.0
978,원일티엔아이,619.0
979,유니테크노,611.0
980,티에스아이,610.0
981,APS이노베이션,609.0
982,아이티센엔텍,609.0
983,누리플렉스,609.0
984,대주산업,607.0
985,엔비알모션,607.0
986,알파칩스,606.0
987,비투엔,605.0
988,에이에스텍,603.0
989,SGC E&C,601.0
990,에스씨디,601.0
991,케이엘넷,600.0
992,아우토크립트,600.0
993,알체라,599.0
994,엔시스,594.0
995,CG인바이츠,592.0
996,피앤에스로보틱스,592.0
997,지에스이,590.0
998,코츠테크놀로지,590.0
999,참좋은여행,587.0
1000,블루엠텍,587.0
1001,트루엔,587.0
1002,서플러스글로벌,585.0
1003,인벤테라,583.0
1004,DGI,581.0
1005,오텍,581.0
1006,해성에어로보틱스,581.0
1007,대원미디어,580.0
1008,압타머사이언스,580.0
1009,원풍,579.0
1010,샌즈랩,579.0
1011,앱튼,578.0
1012,유티아이,578.0
1013,내츄럴엔도텍,576.0
1014,우리산업,576.0
1015,오리콤,576.0
1016,인크로스,575.0
1017,한패스,575.0
1018,엠엑스로보틱스,575.0
1019,케이피항공산업,574.0
1020,남화토건,573.0
1021,나노실리칸첨단소재,572.0
1022,디알젬,572.0
1023,이건홀딩스,571.0
1024,알에프텍,570.0
1025,스마트레이더시스템,569.0
1026,와이어블,568.0
1027,오픈베이스,564.0
1028,화성밸브,564.0
1029,브이원텍,564.0
1030,현대에이치티,562.0
1031,빛샘전자,562.0
1032,3S,562.0
1033,아고스,561.0
1034,셀바이오휴먼텍,561.0
1035,동우팜투테이블,561.0
1036,웨이브일렉트로,559.0
1037,SCL사이언스,559.0
1038,뉴엔AI,558.0
1039,부방,557.0
1040,수산아이앤티,556.0
1041,서울평가정보,556.0
1042,삼양케이씨아이,555.0
1043,성원에너텍,555.0
1044,이글루,553.0
1045,레이저쎌,553.0
1046,한국선재,552.0
1047,나래나노텍,552.0
1048,태양,551.0
1049,HLB제넥스,551.0
1050,와이엠텍,550.0
1051,진양제약,550.0
1052,코렌텍,549.0
1053,머큐리,548.0
1054,에스디생명공학,548.0
1055,프리엠스,545.0
1056,코리아나,544.0
1057,토탈소프트,544.0
1058,위츠,542.0
1059,알엔티엑스,541.0
1060,이노메트리,540.0
1061,제이씨현시스템,539.0
1062,에르코스,534.0
1063,인지소프트,534.0
1064,더블유에스아이,533.0
1065,탑코미디어,533.0
1066,세코닉스,533.0
1067,경남스틸,532.0
1068,제이투케이바이오,532.0
1069,삼익제약,530.0
1070,팬스타엔터프라이즈,528.0
1071,위지트,528.0
1072,엠투엔,527.0
1073,우원개발,526.0
1074,코어라인소프트,526.0
1075,휴마시스,526.0
1076,코스리거글로벌,525.0
1077,아셈스,524.0
1078,피엔케이피부임상연구센타,524.0
1079,퓨런티어,523.0
1080,노랑풍선,523.0
1081,SM Life Design,522.0
1082,와이엠씨,521.0
1083,한켐,520.0
1084,구영테크,520.0
1085,대성창투,519.0
1086,동양파일,519.0
1087,SG&G,519.0
1088,제노레이,518.0
1089,경창산업,518.0
1090,소마젠,516.0
1091,알에프세미,516.0
1092,씨티케이,515.0
1093,옴니시스템,514.0
1094,엔젯,514.0
1095,인성정보,513.0
1096,이닉스,513.0
1097,케이사인,512.0
1098,홈캐스트,512.0
1099,에스엠씨지,511.0
1100,오가노이드사이언스,510.0
1101,덕우전자,510.0
1102,포니링크,509.0
1103,희림,509.0
1104,우리바이오,508.0
1105,아이크래프트,508.0
1106,에이테크솔루션,505.0
1107,대진첨단소재,504.0
1108,테고사이언스,504.0
1109,모티브링크,502.0
1110,쎄크,501.0
1111,노브랜드,498.0
1112,THE E&M,496.0
1113,유신,495.0
1114,삼진식품,492.0
1115,레몬,491.0
1116,HLB파나진,491.0
1117,에이치시티,490.0
1118,미래생명자원,490.0
1119,파이오링크,489.0
1120,제일테크노스,488.0
1121,에피소드컴퍼니,487.0
1122,코닉오토메이션,487.0
1123,포인트엔지니어링,485.0
1124,엘컴텍,483.0
1125,대모,481.0
1126,에스피시스템스,480.0
1127,CJ 바이오사이언스,480.0
1128,디와이디,479.0
1129,코위버,479.0
1130,코스나인,478.0
1131,윈팩,478.0
1132,디티씨,478.0
1133,에너토크,477.0
1134,시큐레터,476.0
1135,랩지노믹스,474.0
1136,코콤,473.0
1137,하이드로리튬,472.0
1138,데이원컴퍼니,472.0
1139,티이엠씨씨엔에스,471.0
1140,제이스코홀딩스,470.0
1141,현우산업,467.0
1142,알피바이오,467.0
1143,캐프,464.0
1144,오비고,464.0
1145,탑엔지니어링,463.0
1146,오상자이엘,463.0
1147,씨유테크,459.0
1148,흥국에프엔비,458.0
1149,셀로맥스사이언스,458.0
1150,HB인베스트먼트,457.0
1151,러셀,457.0
1152,푸른로보틱스,457.0
1153,HC홈센타,456.0
1154,에어레인,452.0
1155,TPC로보틱스,451.0
1156,옵티시스,451.0
1157,프로이천,449.0
1158,동방선기,449.0
1159,네오이뮨텍,448.0
1160,액토즈소프트,447.0
1161,애드바이오텍,447.0
1162,아이빔테크놀로지,447.0
1163,대원,446.0
1164,벡트,445.0
1165,아시아경제,445.0
1166,신테카바이오,445.0
1167,SDN,445.0
1168,엘엠에스,444.0
1169,영우디에스피,444.0
1170,쏘닉스,444.0
1171,아이엠비디엑스,444.0
1172,이지스,442.0
1173,파라택시스코리아,441.0
1174,비아이매트릭스,441.0
1175,진바이오텍,439.0
1176,우리산업홀딩스,439.0
1177,위너스일렉,438.0
1178,제이엠티,436.0
1179,퀀타매트릭스,436.0
1180,제이피아이헬스케어,435.0
1181,케이씨피드,435.0
1182,YW,434.0
1183,뉴트리,434.0
1184,코리아에셋투자증권,433.0
1185,다보링크,432.0
1186,하츠,430.0
1187,한국팩키지,429.0
1188,LK삼양,427.0
1189,신화인터텍,426.0
1190,포시에스,426.0
1191,얼라인드,426.0
1192,효성오앤비,425.0
1193,온코크로스,424.0
1194,쎄노텍,424.0
1195,디케이앤디,423.0
1196,삼천리자전거,422.0
1197,앱코,422.0
1198,콜마바이오텍,422.0
1199,와이즈버즈,420.0
1200,일신바이오,419.0
1201,린드먼아시아,418.0
1202,일월지엠엘,417.0
1203,iMBC,416.0
1204,이브이첨단소재,415.0
1205,그린생명과학,415.0
1206,에이프로,414.0
1207,영림원소프트랩,414.0
1208,제로투세븐,414.0
1209,서린바이오,412.0
1210,에이텍모빌리티,412.0
1211,파라텍,411.0
1212,대창스틸,410.0
1213,디에이피,409.0
1214,휴림에이텍,408.0
1215,네이블,405.0
1216,상신전자,404.0
1217,광진실업,404.0
1218,상지건설,403.0
1219,휴엠앤씨,401.0
1220,삼일기업공사,401.0
1221,제이티,401.0
1222,딥노이드,399.0
1223,위지윅스튜디오,399.0
1224,코아시아씨엠,398.0
1225,에이텀,398.0
1226,서전기전,398.0
1227,인크레더블버즈,397.0
1228,원익큐브,397.0
1229,램테크놀러지,394.0
1230,인지디스플레,393.0
1231,덴티스,392.0
1232,ES큐브,391.0
1233,NHN벅스,391.0
1234,알비더블유,390.0
1235,원바이오젠,390.0
1236,엔투텍,389.0
1237,케일럼,389.0
1238,서진오토모티브,388.0
1239,멤레이비티,386.0
1240,폴라리스세원,385.0
1241,레이저옵텍,384.0
1242,쓰리에이로직스,383.0
1243,대보마그네틱,382.0
1244,승일,382.0
1245,이글벳,382.0
1246,아세아텍,381.0
1247,케이디켐,381.0
1248,파수AI,380.0
1249,링크제니시스,379.0
1250,젠큐릭스,379.0
1251,DH오토리드,379.0
1252,이엠넷,378.0
1253,나라엠앤디,378.0
1254,이루온,377.0
1255,에쎈테크,377.0
1256,오리엔트정공,377.0
1257,한독크린텍,376.0
1258,크리스탈신소재,376.0
1259,포스뱅크,376.0
1260,사이냅소프트,374.0
1261,블리츠웨이엔터테인먼트,374.0
1262,아티스트컴퍼니,373.0
1263,오공,373.0
1264,고려제약,372.0
1265,코셈,371.0
1266,성우전자,371.0
1267,마이크로투나노,370.0
1268,씨앤투스,370.0
1269,유니온바이오메트릭스,369.0
1270,마이크로디지탈,369.0
1271,HLB펩,368.0
1272,와이엠,367.0
1273,유에스티,367.0
1274,그리티,367.0
1275,TS인베스트먼트,365.0
1276,플레이디,364.0
1277,하이즈항공,364.0
1278,KB오토시스,364.0
1279,한네트,364.0
1280,백금T&A,362.0
1281,서암기계공업,362.0
1282,한국큐빅,361.0
1283,케어랩스,360.0
1284,카이노스메드,360.0
1285,엑스플러스,358.0
1286,셀피글로벌,357.0
1287,화인써키트,355.0
1288,보라티알,355.0
1289,알리코제약,355.0
1290,서연탑메탈,355.0
1291,자연과환경,354.0
1292,아이컴포넌트,354.0
1293,에프엔씨엔터,354.0
1294,유틸렉스,353.0
1295,에스팀,353.0
1296,씨큐브,352.0
1297,에이치와이티씨,351.0
1298,넥스턴앤롤코리아,350.0
1299,미스터블루,349.0
1300,테크엘,349.0
1301,케이엠,348.0
1302,하스,346.0
1303,피엔에이치테크,346.0
1304,바이오톡스텍,345.0
1305,동일기연,345.0
1306,YBM넷,343.0
1307,시선AI,342.0
1308,SGA솔루션즈,342.0
1309,비트플래닛,342.0
1310,비씨월드제약,341.0
1311,하이딥,341.0
1312,인스피언,341.0
1313,픽셀플러스,341.0
1314,다산디엠씨,340.0
1315,캐스텍코리아,337.0
1316,시그네틱스,337.0
1317,덕신이피씨,337.0
1318,DH오토웨어,337.0
1319,좋은사람들,336.0
1320,에코글로우,335.0
1321,에코캡,334.0
1322,HLB바이오스텝,333.0
1323,솔디펜스,333.0
1324,삼화네트웍스,333.0
1325,비비씨,331.0
1326,에이아이코리아,331.0
1327,경남제약,330.0
1328,그린플러스,330.0
1329,모헨즈,330.0
1330,산돌,329.0
1331,와이랩,329.0
1332,스튜디오미르,329.0
1333,엔바이오니아,329.0
1334,지슨,328.0
1335,토마토시스템,328.0
1336,노을,327.0
1337,큐캐피탈,327.0
1338,오디텍,327.0
1339,진매트릭스,326.0
1340,이노인스트루먼트,325.0
1341,누보,325.0
1342,대신정보통신,324.0
1343,루멘스,323.0
1344,한울앤제주,322.0
1345,팬엔터테인먼트,319.0
1346,브리지텍,317.0
1347,미트박스,317.0
1348,플랜티넷,317.0
1349,핸디소프트,316.0
1350,우양,316.0
1351,NEW,315.0
1352,와토스코리아,314.0
1353,진시스템,314.0
1354,케이씨티,314.0
1355,아이퀘스트,313.0
1356,알트,313.0
1357,민테크,313.0
1358,세종메디칼,312.0
1359,셀리드,312.0
1360,지에프씨생명과학,312.0
1361,체리부로,312.0
1362,아틀라스링크,312.0
1363,에스에이티,311.0
1364,엣지파운드리,311.0
1365,제이엔비,310.0
1366,캡스톤파트너스,308.0
1367,디와이씨,307.0
1368,트윔,307.0
1369,메가엠디,307.0
1370,기산텔레콤,307.0
1371,NE능률,307.0
1372,티디에스팜,304.0
1373,엠젠솔루션,303.0
1374,에스엘에스바이오,302.0
1375,티비씨,302.0
1376,오스템,302.0
1377,파인디지털,302.0
1378,이삭엔지니어링,302.0
1379,꿈비,301.0
1380,정원엔시스,300.0
1381,원일특강,300.0
1382,동국알앤에스,299.0
1383,모비릭스,298.0
1384,에이치엘사이언스,298.0
1385,LSK아이로봇,298.0
1386,파인테크닉스,297.0
1387,시큐브,297.0
1388,포메탈,296.0
1389,프리시젼바이오,295.0
1390,유라클,295.0
1391,위즈코프,294.0
1392,알톤,294.0
1393,에스코넥,294.0
1394,제이에스티나,293.0
1395,오브젠,293.0
1396,에스에너지,292.0
1397,네오크레마,291.0
1398,에스프리즘,290.0
1399,넥사다이내믹스,290.0
1400,엔텔스,286.0
1401,뉴키즈온,289.0
1402,베노티앤알,289.0
1403,티케이지애강,287.0
1404,대산F&B,287.0
1405,모니터랩,287.0
1406,TS트릴리온,287.0
1407,알엔투테크놀로지,286.0
1408,M83,286.0
1409,아우딘퓨쳐스,286.0
1410,대한과학,286.0
1411,팸텍,286.0
1412,웨이버스,284.0
1413,케이웨더,283.0
1414,에코심플렉스,282.0
1415,웰크론,282.0
1416,티에스넥스젠,282.0
1417,팜스빌,282.0
1418,신화콘텍,281.0
1419,인포뱅크,280.0
1420,모아데이타,280.0
1421,아이에이,279.0
1422,세림B&G,279.0
1423,디티앤씨,278.0
1424,캠시스,278.0
1425,덱스터,276.0
1426,자이언트스텝,275.0
1427,손오공,275.0
1428,멕아이씨에스,274.0
1429,피엔티엠에스,274.0
1430,뱅크웨어글로벌,274.0
1431,누리플랜,272.0
1432,심플랫폼,272.0
1433,인스웨이브,272.0
1434,인콘,272.0
1435,디지캡,272.0
1436,파버나인,272.0
1437,아이즈비전,272.0
1438,세니젠,271.0
1439,디모아,270.0
1440,글로벌에스엠,269.0
1441,싸이버원,268.0
1442,신도기연,268.0
1443,삼진,268.0
1444,빌리언스,268.0
1445,신원종합개발,267.0
1446,휴맥스,266.0
1447,원티드랩,266.0
1448,신진에스엠,265.0
1449,피코그램,265.0
1450,풍강,265.0
1451,에스디시스템,264.0
1452,티사이언티픽,264.0
1453,GH신소재,264.0
1454,에스켐,264.0
1455,무림SP,264.0
1456,카스,264.0
1457,크라우드웍스,264.0
1458,청보,262.0
1459,휴네시온,262.0
1460,한주라이트메탈,262.0
1461,모비데이즈,261.0
1462,스페코,261.0
1463,힘스,261.0
1464,엠브레인,261.0
1465,코디,260.0
1466,EG,259.0
1467,더라미,258.0
1468,소노스퀘어,258.0
1469,성우테크론,257.0
1470,한국비티비,257.0
1471,엔피,257.0
1472,컬러레이,256.0
1473,큐라티스,256.0
1474,브레인즈컴퍼니,255.0
1475,KBG,255.0
1476,엠아이큐브솔루션,255.0
1477,풍전약품,254.0
1478,배럴,254.0
1479,율촌,253.0
1480,제이엠아이,253.0
1481,엑사이엔씨,252.0
1482,프럼파스트,252.0
1483,이노테나,251.0
1484,서울전자통신,251.0
1485,아이지넷,251.0
1486,라온피플,250.0
1487,폴라리스우노,250.0
1488,마니커에프앤지,250.0
1489,라메디텍,250.0
1490,한빛소프트,249.0
1491,지란지교시큐리티,249.0
1492,오션인더블유,249.0
1493,에코볼트,248.0
1494,피앤씨테크,248.0
1495,제놀루션,248.0
1496,파루,247.0
1497,포인트모바일,247.0
1498,앱토크롬,247.0
1499,샤페론,246.0
1500,S&K폴리텍,246.0
1501,피씨디렉트,246.0
1502,메이슨캐피탈,245.0
1503,한창산업,245.0
1504,뷰티스킨,245.0
1505,CSA 코스믹,245.0
1506,대동스틸,245.0
1507,글로본,244.0
1508,닷밀,244.0
1509,한국정보공학,244.0
1510,대성미생물,244.0
1511,보원케미칼,243.0
1512,키이스트,243.0
1513,이엘피,242.0
1514,동일스틸럭스,242.0
1515,세동,242.0
1516,알티캐스트,242.0
1517,케이지에이,241.0
1518,이노에이엑스,241.0
1519,에프알텍,241.0
1520,에이치케이,241.0
1521,한국맥널티,240.0
1522,포톤,240.0
1523,모아텍,240.0
1524,링크드,240.0
1525,서울제약,240.0
1526,플래티어,239.0
1527,자비스,238.0
1528,한싹,238.0
1529,씨싸이트,236.0
1530,엠에프씨,235.0
1531,한일화학,233.0
1532,오에스피,232.0
1533,아이티센피엔에스,232.0
1534,파라택시스이더리움,232.0
1535,동양에스텍,231.0
1536,휴럼,230.0
1537,이퓨쳐,230.0
1538,이씨에스,230.0
1539,파인메딕스,230.0
1540,플루토스,230.0
1541,엔젠바이오,229.0
1542,티엔엔터테인먼트,228.0
1543,오아,228.0
1544,아즈텍WB,228.0
1545,인티큐브,227.0
1546,CNT85,227.0
1547,아이언디바이스,227.0
1548,에스지헬스케어,227.0
1549,디티앤씨알오,226.0
1550,삼진엘앤디,226.0
1551,나라셀라,226.0
1552,우듬지팜,226.0
1553,캔버스엔,225.0
1554,핌스,225.0
1555,애드포러스,225.0
1556,바이오포트,225.0
1557,씨엔알리서치,225.0
1558,웰크론한텍,225.0
1559,티피씨글로벌,224.0
1560,우리이앤엘하루틴,223.0
1561,소프트캠프,222.0
1562,메디앙스,222.0
1563,하이퍼코퍼레이션,221.0
1564,위세아이텍,221.0
1565,시지트로닉스,220.0
1566,사토시홀딩스,220.0
1567,벨로크,218.0
1568,인바이오,217.0
1569,밸로프,217.0
1570,키네마스터,216.0
1571,토박스코리아,216.0
1572,에이스토리,216.0
1573,한국유니온제약,216.0
1574,씨유메디칼,216.0
1575,딜리,215.0
1576,한주에이알티,215.0
1577,삼일,213.0
1578,스튜디오삼익,212.0
1579,케이피티유,212.0
1580,비트맥스,212.0
1581,인터엠,212.0
1582,인산가,211.0
1583,로지시스,211.0
1584,아이윈,209.0
1585,성창오토텍,209.0
1586,플레이위드,208.0
1587,더코디,207.0
1588,PN풍년,207.0
1589,드림인사이트,207.0
1590,소프트센,206.0
1591,이지트로닉스,206.0
1592,조아제약,206.0
1593,루트K,205.0
1594,에이루트,205.0
1595,아이씨에이치,205.0
1596,엑셀세라퓨틱스,205.0
1597,파인디앤씨,205.0
1598,세중,205.0
1599,바이브컴퍼니,204.0
1600,아이티아이즈,203.0
1601,아이비젼웍스,204.0
1602,파인텍,203.0
1603,대호특수강,203.0
1604,비피도,202.0
1605,엘디티,201.0
1606,플라즈맵,201.0
1607,스타플렉스,200.0
1608,세화피앤씨,200.0
1609,에스에스알,200.0
1610,파커스,199.0
1611,윈하이텍,199.0
1612,오픈놀,198.0
1613,유비온,198.0
1614,한국정밀기계,197.0
1615,리더스코스메틱,197.0
1616,미디어젠,197.0
1617,라닉스,196.0
1618,차이커뮤니케이션,196.0
1619,브이씨,196.0
1620,카티스,195.0
1621,리튬포어스,195.0
1622,솔트웨어,194.0
1623,이미지스,193.0
1624,삼영에스앤씨,193.0
1625,이노시뮬레이션,193.0
1626,버넥트,193.0
1627,제이케이시냅스,192.0
1628,롤링스톤,192.0
1629,유아이디,191.0
1630,웹스,190.0
1631,코퍼스코리아,190.0
1632,디지아이,190.0
1633,엔피케이,190.0
1634,아시아종묘,189.0
1635,오토앤,189.0
1636,엔시트론,188.0
1637,비츠로시스,187.0
1638,디에이치엑스컴퍼니,187.0
1639,우리엔터프라이즈,187.0
1640,국영지앤엠,187.0
1641,판타지오,186.0
1642,신라섬유,185.0
1643,지엔코,185.0
1644,피플바이오,182.0
1645,이노뎁,182.0
1646,케이바이오랩스,182.0
1647,전진바이오팜,182.0
1648,에스앤더블류,181.0
1649,아티스트스튜디오,181.0
1650,대동금속,180.0
1651,이스트에이드,179.0
1652,에스폴리텍,178.0
1653,에스티오,177.0
1654,진영,177.0
1655,아이오케이이엔엠,176.0
1656,엔비티,176.0
1657,뉴보텍,176.0
1658,유진테크놀로지,175.0
1659,케이쓰리아이,174.0
1660,에이전트AI,173.0
1661,큐로홀딩스,172.0
1662,우진비앤지,172.0
1663,상보,172.0
1664,다산솔루에타,171.0
1665,크린앤사이언스,171.0
1666,인베니아,169.0
1667,미래에셋비전스팩7호,169.0
1668,넥스트아이,168.0
1669,피씨엘,168.0
1670,모아라이프플러스,168.0
1671,지니틱스,168.0
1672,미래에셋비전스팩4호,167.0
1673,세진티에스,167.0
1674,윙스풋,166.0
1675,이원컴포텍,166.0
1676,웰킵스하이텍,165.0
1677,비스토스,162.0
1678,패션플랫폼,162.0
1679,에스제이그룹,160.0
1680,이노진,159.0
1681,KB제33호스팩,156.0
1682,하나30호스팩,154.0
1683,엔에이치스팩33호,154.0
1684,하나36호스팩,154.0
1685,에이치엠씨제7호스팩,153.0
1686,조이웍스앤코,153.0
1687,디젠스,152.0
1688,드래곤플라이,152.0
1689,CS,151.0
1690,졸스,150.0
1691,윙입푸드,150.0
1692,뉴인텍,149.0
1693,삼성스팩10호,149.0
1694,텔콘RF제약,148.0
1695,삼성스팩13호,146.0
1696,유안타제15호스팩,146.0
1697,프롬바이오,145.0
1698,부스타,145.0
1699,비큐AI,144.0
1700,휴맥스홀딩스,142.0
1701,미래에셋비전스팩6호,141.0
1702,국일신동,141.0
1703,오가닉티코스메틱,141.0
1704,메리츠제2호스팩,141.0
1705,한국제15호스팩,140.0
1706,씨엔플러스,140.0
1707,미래에셋비전스팩11호,140.0
1708,바른손이앤에이,139.0
1709,핑거스토리,138.0
1710,베셀,138.0
1711,이엠앤아이,137.0
1712,한탑,137.0
1713,셀레스트라,136.0
1714,E8,136.0
1715,딥커머스,135.0
1716,올리패스,134.0
1717,삼보산업,134.0
1718,키움제11호스팩,134.0
1719,대신밸런스제20호스팩,133.0
1720,육일씨엔에쓰,133.0
1721,엔에이치스팩31호,132.0
1722,한국제16호스팩,131.0
1723,유디엠텍,131.0
1724,IBKS제25호스팩,130.0
1725,삼성스팩12호,130.0
1726,미래에셋비전스팩10호,129.0
1727,뉴온,129.0
1728,디비금융제13호스팩,128.0
1729,나노씨엠에스,128.0
1730,대신밸런스제17호스팩,127.0
1731,미래에셋비전스팩8호,127.0
1732,KB제29호스팩,127.0
1733,메디콕스,127.0
1734,KB제32호스팩,126.0
1735,씨엑스아이,126.0
1736,엔에이치스팩32호,125.0
1737,본느,125.0
1738,KB제31호스팩,125.0
1739,키움히어로제2호스팩,124.0
1740,교보16호스팩,124.0
1741,썸에이지,124.0
1742,KS인더스트리,123.0
1743,삼영이엔씨,123.0
1744,메리츠제1호스팩,122.0
1745,아이스크림에듀,122.0
1746,신영스팩11호,121.0
1747,하나35호스팩,121.0
1748,DB금융스팩12호,120.0
1749,예선테크,120.0
1750,교보20호스팩,119.0
1751,이렘,119.0
1752,대신밸런스제19호스팩,117.0
1753,하나31호스팩,117.0
1754,삼성스팩11호,115.0
1755,미래에셋비전스팩5호,114.0
1756,신한제12호스팩,114.0
1757,신한제14호스팩,113.0
1758,유안타제16호스팩,113.0
1759,유진스팩12호,113.0
1760,신한제16호스팩,112.0
1761,엑시온그룹,112.0
1762,앤씨앤,112.0
1763,신한제18호스팩,111.0
1764,파이온엑스,111.0
1765,미래에셋비전스팩9호,109.0
1766,교보19호스팩,108.0
1767,형지글로벌,108.0
1768,에스아이리소스,107.0
1769,헝셩그룹,107.0
1770,KB제30호스팩,107.0
1771,유안타제17호스팩,107.0
1772,디비금융제14호스팩,106.0
1773,신한제17호스팩,106.0
1774,교보17호스팩,105.0
1775,알파AI,105.0
1776,케스피온,105.0
1777,케이피엠테크,104.0
1778,키움히어로제1호스팩,102.0
1779,이베스트스팩6호,102.0
1780,교보18호스팩,102.0
1781,한화플러스제5호스팩,101.0
1782,듀오백,100.0
1783,신영스팩10호,98.0
1784,수성웹툰,96.0
1785,유진스팩11호,96.0
1786,케이이엠텍,95.0
1787,비케이홀딩스,94.0
1788,하나34호스팩,92.0
1789,IBKS제24호스팩,90.0
1790,에스케이증권제13호스팩,90.0
1791,IBKS제23호스팩,89.0
1792,교보15호스팩,89.0
1793,유진스팩10호,88.0
1794,신한제15호스팩,88.0
1795,형지I&C,87.0
1796,핀텔,87.0
1797,원풍물산,87.0
1798,에스케이증권제11호스팩,86.0
1799,신라에스지,86.0
1800,비엔케이제3호스팩,86.0
1801,키움제10호스팩,85.0
1802,에이에프더블류,82.0
1803,케이엠제약,82.0
1804,엘에스스팩1호,82.0
1805,모바일어플라이언스,80.0
1806,해성산업1우,80.0
1807,골드앤에스,79.0
1808,바이오인프라,78.0
1809,투비소프트,76.0
1810,하나33호스팩,76.0
1811,신한제13호스팩,76.0
1812,코이즈,72.0
1813,스코넥,71.0
1814,에스케이증권제12호스팩,68.0
1815,하나32호스팩,67.0
1816,KD,55.0
1817,캐리,52.0
1818,더테크놀로지,47.0
1819,아이톡시,45.0
1820,대호특수강우,19.0
1821,소프트센우,6.0
